name1,email1,name2,email2,name3,email3
Amelia Davis, amelia.davis@email.com, Liam Miller, liam.miller@email.com, Theodore Jones, theodore.jones@email.com
Elijah Sanchez, elijah.sanchez@email.com, Evelyn Johnson, evelyn.johnson@email.com, William Lee, william.lee@email.com
Amelia Miller, amelia.miller@email.com, Mia Green, mia.green@email.com, Olivia Johnson, olivia.johnson@email.com
Benjamin Davis, benjamin.davis@email.com, Charlotte Clark, charlotte.clark@email.com, Emma Davis, emma.davis@email.com
Liam Rodriquez, liam.rodriquez@email.com, Liam Smith, liam.smith@email.com, Noah Jones, noah.jones@email.com
Emma Green, emma.green@email.com, Evelyn Garcia, evelyn.garcia@email.com, Henry Thompson, henry.thompson@email.com, Liam Lee, liam.lee@email.com
Benjamin Lee, benjamin.lee@email.com, Sophia Jones, sophia.jones@email.com, Theodore Lee, theodore.lee@email.com
Ava Davis, ava.davis@email.com, James Ramirez, james.ramirez@email.com, Luna Wilson, luna.wilson@email.com
Charlotte Green, charlotte.green@email.com, Evelyn Harris, evelyn.harris@email.com, Liam Harris, liam.harris@email.com
Ava Lee, ava.lee@email.com, Charlotte Brown, charlotte.brown@email.com, Sophia Wilson, sophia.wilson@email.com, William Lewis, william.lewis@email.com
Benjamin Perez, benjamin.perez@email.com, Mia Davis, mia.davis@email.com, Mia Sanchez, mia.sanchez@email.com
Benjamin Rodriquez, benjamin.rodriquez@email.com, Isabella Gonzales, isabella.gonzales@email.com, Isabella Jones, isabella.jones@email.com
Benjamin Thomas, benjamin.thomas@email.com, Elijah Williams, elijah.williams@email.com, William Perez, william.perez@email.com
Mia Thompson, mia.thompson@email.com, Oliver Jackson, oliver.jackson@email.com, Oliver Perez, oliver.perez@email.com
Ava Green, ava.green@email.com, Benjamin Lopez, benjamin.lopez@email.com, Noah Moore, noah.moore@email.com
Charlotte Jones, charlotte.jones@email.com, Charlotte Sanchez, charlotte.sanchez@email.com, Noah Thomas, noah.thomas@email.com
